

#------------------------------------------------------------
#        Script MySQL.
#------------------------------------------------------------


#------------------------------------------------------------
# Table: Agence
#------------------------------------------------------------

INSERT INTO 
`Agence` (`Num_AG`, `Nom_AG`, `Rue_AG`, `Ville_AG`, `CP_AG`, `Tel_AG`) 
VALUES 
(NULL, 'LILLE', '8 BOULEVARD LOUIS XIV', 'LILLE', '59000', '0320686868'),
(NULL, 'VALENCIENNES', '15 BIS PLACE JEAN FROISSART', 'VALENCIENNES', '59300', '0327030405'),
(NULL, 'AMIENS', 'AVENUE DES FACULTES', 'AMIENS', '80000', '0322335165'),
(NULL, 'PARIS', '40 RUE DES JEUNEURS', 'PARIS', '75003', '0140657590'),
(NULL, 'LYON', '4 RUE RAVIER', 'LYON', '69007', '0478569934'),
(NULL, 'BRIVE', '8 RUE CHATEAUBRIAND', 'BRIVE', '19100', '0555868395'),
(NULL, 'LIMOGES', '19 RUE FRANCOIS PERRIN', 'LIMOGES', '87000', '0555455652'),
(NULL, 'BORDEAUX', '16 COURS DE LA MARNE', 'BORDEAUX', '33800', '0557492300'),
(NULL, 'BRIVE LA GAILLARDE', '8 RUE CHATEAUBRIAND', 'BRIVE', '19100', '0555868395'),
(NULL, 'MARSEILLE', '12 PLACE DES ABATTOIRS', 'MARSEILLE', '13015', '0496573400'),
(NULL, 'TOULOUSE', '118 ROUTE DE NARBONNE', 'TOULOUSE', '31400', '0562354500'),
(NULL, 'TOURS', '6 AVENUE DE SEVIGNE', 'TOURS', '37200', '0218567800'),
(NULL, 'ORLEANS', '21B RUE EUGENE VIGNAT', 'ORLEANS', '45000', '0218564060'),
(NULL, 'BOURGES', 'AVENUE DE LATTRE DE TASSIGNY', 'BOURGES', '18000', '0557492300'),
(NULL, 'REIMS', 'RUE DES CRAYERES', 'REIMS', '51687', '0326468000'),
(NULL, 'CLERMONT-FERRAND', 'AVENUE BLAISE PASCAL', 'AUBIERE', '34000', '0473566700'),
(NULL, 'ANGOULEME', '138 RUE DE BORDEAUX', 'ANGOULEME', '16000', '0545609000'),
(NULL, 'BELFORT', '13 RUE ERNEST THIERRY MIEG', 'BELFORT', '90000', '0384506970'),
(NULL, 'DIJON', '9 BOULEVARD DR PETITJEAN', 'DIJON', '21000', '0380904000'),
(NULL, 'VALENCE', '27 RUE HENRI REY', 'VALENCE', '26000', '0478561200'),
(NULL, 'METZ', '4 RUE AUGUSTIN FRESNEL', 'METZ', '57070', '0387609000'),
(NULL, 'STRASBOURG', '5 RUE DU MARECHAL LEFEBVRE', 'STRASBOURG', '67100', '0368708000'),
(NULL, 'NANCY', '4 AVENUE DR HEYDENREICH', 'NANCY', '54052', '0383856080'),
(NULL, 'VANNES', '9 RUE DU COMMANDANT CHARCOT', 'VANNES', '56000', '0257706600'),
(NULL, 'NANTES', '25 BOULEVARD GUY MOLLET', 'NANTES', '44311', '0240165080'),
(NULL, 'LA ROCHELLE', '15 RUE FRANCOIS DE VAUX DE FOLETIER', 'LA ROCHELLE', '17000', '0820202424'),
(NULL, 'ANGLET', 'ALLE DU PARC MONTAURY', 'ANGLET', '64600', '0559607800'),
(NULL, 'PAU', '2 AVENUE DU PRESIDENT PIERRE ANGOT', 'PAU', '64000', '0559806600'),
(NULL, 'MONTPELLIER', '989 RUE DE LA CROIX VERTE', 'MONTPELLIER', '34000', '0467504500'),
(NULL, 'NIMES', '69 RUE GEORGES BESSE', 'NIMES', '30000', '0466849270'),
(NULL, 'AIX-EN-PROVENCE', '2 COURS DES ARTS ET METIERS', 'AIX-EN-PROVENCE', '13100', '0442388060'),
(NULL, 'NICE', '41 BOULEVARD NAPOLEON III', 'NICE', '6200', '0493716090'),
(NULL, 'GRENOBLE', '1 RUE DES TREMBLES', 'GRENOBLE', '38100', '0478586090'),
(NULL, 'AURILLAC', '15 RUE PIERRE MARTY', 'AURILLAC', '15000', '0811708550');





#------------------------------------------------------------
# Table: Categorie
#------------------------------------------------------------

INSERT INTO 
`Categorie` (`Num_Cat`, `Nom_Cat`) 
VALUES 
('1', 'CITADINE'),
('2', 'BERLINE'),
('3', 'BREAK'),
('4', 'MONOSPACE'),
('5', 'SUV'),
('6', 'CABRIOLET'),
('7', 'UTILITAIRE');
#------------------------------------------------------------
# Table: Client Fidele
#------------------------------------------------------------

#------------------------------------------------------------
# Table: Points
#------------------------------------------------------------

INSERT INTO 
`Points` (`Num_Tr_Pt`, `Nb_Tr_Pt`) 
VALUES 
('1', '0'), 
('2', '10'), 
('3', '70'), 
('4', '150'), 
('5', '250'), 
('6', '350');


#------------------------------------------------------------
# Table: Location
#------------------------------------------------------------

#------------------------------------------------------------
# Table: Carburant
#------------------------------------------------------------
INSERT INTO 
`Carburant` (`Num_Carbu`, `Nom_Carbu`) 
VALUES 
('0', 'ESSENCE'),
('1', 'DIESEL');
#------------------------------------------------------------
# Table: Modele
#------------------------------------------------------------
INSERT INTO 
`Modele` (`Num_Mod`, `Nom_Mod`, `Marq_Mod`, `Prix_Jour_Mod`, `Img_Mod`, `Num_Cat`) 
VALUES 
(NULL, '500', 'FIAT', '74', NULL, '1'), 
(NULL, 'FORFOUR', 'SMART', '60', NULL, '1'),
(NULL, 'TWINGO', 'RENAULT', '60', NULL, '1'),
(NULL, 'MEGANE', 'RENAULT', '100', NULL, '2'),
(NULL, 'CORSA', 'OPEL', '75', NULL, '2'),
(NULL, '308', 'PEUGEOT', '90', NULL, '2'),
(NULL, 'C3', 'CITROEN', '92', NULL, '2'),
(NULL, 'TALISMAN', 'RENAULT', '130', NULL, '3'), 
(NULL, 'CLASSE_C', 'MERCEDES', '110', NULL, '3'),
(NULL, 'A6', 'AUDI', '120', NULL, '3'),
(NULL, 'OKTAVIA', 'SKODA', '125', NULL, '3'),
(NULL, 'TOURAN', 'VOLKSWAGEN', '145', NULL, '4'),
(NULL, 'ESPACE', 'RENAULT', '280', NULL, '4'),
(NULL, 'GALAXY', 'FORD', '140', NULL, '4'),
(NULL, 'CLASSE_B', 'MERCEDES', '150', NULL, '4'),
(NULL, '5008', 'PEUGEOT', '164', NULL, '4'), 
(NULL, 'Q5', 'AUDI', '170', NULL, '5'),
(NULL, 'F-PACE', 'JAGUAR', '210', NULL, '5'), 
(NULL, 'XC90', 'VOLVO', '195', NULL, '5'),
(NULL, 'CAYENNE', 'PORSHE', '290', NULL, '5'),
(NULL, 'SERIE_4_CABRIOLET', 'BMW', '200', NULL, '6'),
(NULL, 'TT', 'AUDI', '210', NULL, '6'),
(NULL, 'KANGOO', 'RENAULT', '80', NULL, '7'),
(NULL, 'TRAFIC', 'RENAULT', '100', NULL, '7'),
(NULL, '313', 'MERCEDES', '150', NULL, '7'),
(NULL, '35C15', 'IVECO', '140', NULL, '7');
#------------------------------------------------------------
# Table: Tourisme
#------------------------------------------------------------
INSERT INTO 
`Tourisme` (`Toit_Tou`, `Clim_Tou`, `Nb_Bagage_Tou`, `GPS_Tou`, `Nb_Place_Tou`, `Num_Mod`) 
VALUES 
('', 'OUI', '3', 'OUI', '4', '1'),
('', 'OUI', '1', 'OUI', '2', '2'),
('', 'OUI', '3', 'OUI', '4', '3'),
('PANORAMIQUE', 'OUI', '3', 'OUI', '5', '4'),
('', 'OUI', '3', 'OUI', '5', '5'),
('PANORAMIQUE', 'OUI', '3', 'OUI', '5', '6'),
('', 'OUI', '4', 'OUI', '5', '7'),
('', 'OUI', '4', 'OUI', '5', '8'),
('', 'OUI', '4', 'OUI', '5', '9'),
('', 'OUI', '5', 'OUI', '5', '10'),
('', 'OUI', '5', 'OUI', '5', '11'),
('', 'OUI', '5', 'OUI', '5', '12'),
('', 'OUI', '5', 'OUI', '5', '13'),
('', 'OUI', '5', 'OUI', '5', '14'),
('PANORAMIQUE', 'OUI', '6', 'OUI', '7', '15'),
('', 'OUI', '6', 'OUI', '7', '16'),
('PANORAMIQUE', 'OUI', '6', 'OUI', '6', '17'),
('', 'OUI', '6', 'OUI', '8', '18'),
('', 'OUI', '3', 'OUI', '4', '19'),
('DECAPOTABLE', 'OUI', '3', 'OUI', '4', '20'),
('DECAPOTABLE', 'OUI', '3', 'OUI', '4', '21');
#------------------------------------------------------------
# Table: Utilitaire
#------------------------------------------------------------
INSERT INTO 
`Utilitaire` (`Vol_Ut`, `Charg_Ut`, `Long_Ut`, `Larg_Ut`, `Haut_Ut`, `Num_Mod`) 
VALUES 
('3.26', '625', '1.73', '1.46', '1.29', '22'),
('5.65', '1025', '2.51', '1.62', '1.39', '23'),
('10.00', '1180', '3.08', '1.76', '1.89', '24'),
('20.00', '700', '4.20', '2.10', '2.20', '25');

#------------------------------------------------------------
# Table: Car
#------------------------------------------------------------
INSERT INTO 
`Car` (`Num_Car`, `Ima_Car`, `Date_Cir_Car`, `Kim_Car`, `Etat_Car`, `Num_AG`, `Num_Carbu`, `Num_Mod`) 
VALUES 
(NULL, 'AZ465GT', '2018-01-06', '3000', 'EXCELLENT', '1', '0', '1'),
(NULL, 'FG560GH', '2018-01-06', '3000', 'EXCELLENT', '1', '0', '2'),
(NULL, 'FG500HJ', '2018-01-06', '3000', 'EXCELLENT', '1', '0', '3'),
(NULL, 'ET400YP', '2018-01-06', '3000', 'EXCELLENT', '1', '0', '4'),
(NULL, 'ML900PJ', '2018-01-06', '3000', 'EXCELLENT', '1', '1', '5'),
(NULL, 'BN790PO', '2018-01-06', '3000', 'EXCELLENT', '1', '1', '6'),
(NULL, 'RT200XC', '2018-01-06', '3000', 'EXCELLENT', '1', '1', '7'),
(NULL, 'QW390BV', '2018-01-06', '3000', 'EXCELLENT', '1', '1', '8'),
(NULL, 'QM200TU', '2018-01-06', '3000', 'EXCELLENT', '1', '1', '9'),
(NULL, 'MP100FK', '2018-01-06', '3000', 'EXCELLENT', '1', '1', '10'),
(NULL, 'TR230MM', '2018-01-06', '3000', 'EXCELLENT', '1', '1', '11'),
(NULL, 'HH420UU', '2018-01-06', '3000', 'BON', '2', '1', '12'),
(NULL, 'VC430DD', '2018-01-06', '3000', 'EXCELLENT', '2', '1', '13'),
(NULL, 'AZ465GT', '2017-01-06', '3000', 'EXCELLENT', '2', '1', '14'),
(NULL, 'AZ465GT', '2017-01-06', '3000', 'EXCELLENT', '2', '1', '15'),
(NULL, 'AZ465GT', '2017-01-06', '3000', 'EXCELLENT', '2', '1', '16'),
(NULL, 'AZ465GT', '2017-01-06', '3000', 'EXCELLENT', '3', '1', '17'),
(NULL, 'AZ465GT', '2017-01-06', '3000', 'EXCELLENT', '3', '1', '18'),
(NULL, 'AZ465GT', '2017-01-06', '3000', 'EXCELLENT', '3', '1', '19'),
(NULL, 'AZ465GT', '2017-01-06', '3000', 'EXCELLENT', '3', '1', '20'),
(NULL, 'AZ465GT', '2017-01-06', '3000', 'EXCELLENT', '3', '1', '21'),
(NULL, 'AZ465GT', '2017-01-06', '3000', 'EXCELLENT', '3', '1', '22'),
(NULL, 'AZ465GT', '2017-01-06', '3000', 'EXCELLENT', '3', '1', '23'),
(NULL, 'AZ465GT', '2017-01-06', '3000', 'EXCELLENT', '4', '1', '24'),
(NULL, 'AZ465GT', '2017-01-06', '3000', 'EXCELLENT', '5', '1', '25'),
(NULL, 'AZ465GT', '2017-01-06', '3000', 'EXCELLENT', '6', '0', '1'),
(NULL, 'AZ465GT', '2017-01-06', '3000', 'EXCELLENT', '6', '0', '2'),
(NULL, 'AZ465GT', '2017-01-06', '3000', 'EXCELLENT', '6', '0', '3'),
(NULL, 'AZ465GT', '2016-01-06', '3000', 'MOYEN', '7', '0', '4'),
(NULL, 'AZ465GT', '2016-01-06', '3000', 'BON', '7', '1', '5'),
(NULL, 'AZ465GT', '2016-01-06', '3000', 'BON', '7', '1', '8'),
(NULL, 'AZ465GT', '2016-01-06', '3000', 'MAUVAIS', '8', '1', '9'),
(NULL, 'AZ465GT', '2016-01-06', '3000', 'MAUVAIS', '8', '1', '10'),
(NULL, 'AZ465GT', '2016-01-06', '3000', 'MAUVAIS', '8', '1', '11'),
(NULL, 'AZ465GT', '2016-01-06', '3000', 'BON', '8', '1', '12'),
(NULL, 'AZ465GT', '2016-01-06', '3000', 'BON', '8', '1', '13'),
(NULL, 'AZ465GT', '2016-01-06', '3000', 'BON', '9', '1', '14'),
(NULL, 'AZ465GT', '2016-01-06', '3000', 'MOYEN', '9', '1', '15'),
(NULL, 'AZ465GT', '2016-01-06', '3000', 'MOYEN', '23', '1', '16'),
(NULL, 'AZ465GT', '2016-01-06', '3000', 'MOYEN', '8', '1', '17'),
(NULL, 'AZ465GT', '2016-01-06', '3000', 'MOYEN', '1', '1', '18'),
(NULL, 'AZ465GT', '2016-01-06', '3000', 'MOYEN', '1', '1', '19'),
(NULL, 'AZ465GT', '2016-01-06', '3000', 'MOYEN', '1', '1', '20'),
(NULL, 'AZ465GT', '2016-01-06', '3000', 'BON', '1', '1', '21'),
(NULL, 'AZ465GT', '2016-01-06', '3000', 'BON', '1', '1', '22'),
(NULL, 'AZ465GT', '2016-01-06', '3000', 'BON', '1', '1', '23'),
(NULL, 'AZ465GT', '2016-01-06', '3000', 'BON', '1', '1', '24'),
(NULL, 'AZ465GT', '2016-01-06', '3000', 'BON', '1', '1', '25'),
(NULL, 'AZ465GT', '2017-01-06', '3000', 'EXCELLENT', '3', '1', '17'),
(NULL, 'AZ465GT', '2017-01-06', '3000', 'EXCELLENT', '3', '1', '18'),
(NULL, 'AZ465GT', '2017-01-06', '3000', 'EXCELLENT', '3', '1', '19'),
(NULL, 'AZ465GT', '2017-01-06', '3000', 'EXCELLENT', '3', '1', '20'),
(NULL, 'AZ465GT', '2017-01-06', '3000', 'EXCELLENT', '3', '1', '21'),
(NULL, 'AZ465GT', '2017-01-06', '3000', 'EXCELLENT', '3', '1', '22'),
(NULL, 'AZ465GT', '2017-01-06', '3000', 'EXCELLENT', '3', '1', '23'),
(NULL, 'AZ465GT', '2017-01-06', '3000', 'EXCELLENT', '4', '1', '24'),
(NULL, 'AZ465GT', '2017-01-06', '3000', 'EXCELLENT', '5', '1', '25'),
(NULL, 'AZ465GT', '2017-01-06', '3000', 'EXCELLENT', '6', '0', '1'),
(NULL, 'AZ465GT', '2017-01-06', '3000', 'EXCELLENT', '6', '0', '2'),
(NULL, 'AZ465GT', '2017-01-06', '3000', 'EXCELLENT', '6', '0', '3'),
(NULL, 'AZ465GT', '2016-01-06', '3000', 'MOYEN', '7', '0', '4'),
(NULL, 'AZ465GT', '2016-01-06', '3000', 'BON', '7', '1', '5'),
(NULL, 'AZ465GT', '2016-01-06', '3000', 'BON', '7', '1', '8'),
(NULL, 'AZ465GT', '2016-01-06', '3000', 'MAUVAIS', '8', '1', '9'),
(NULL, 'AZ465GT', '2016-01-06', '3000', 'MAUVAIS', '8', '1', '10'),
(NULL, 'AZ465GT', '2016-01-06', '3000', 'MAUVAIS', '8', '1', '11'),
(NULL, 'AZ465GT', '2016-01-06', '3000', 'BON', '8', '1', '12'),
(NULL, 'AZ465GT', '2016-01-06', '3000', 'BON', '8', '1', '13'),
(NULL, 'AZ465GT', '2016-01-06', '3000', 'BON', '9', '1', '14'),
(NULL, 'AZ465GT', '2016-01-06', '3000', 'MOYEN', '9', '1', '15'),
(NULL, 'AZ465GT', '2016-01-06', '3000', 'BON', '14', '1', '21'),
(NULL, 'AZ465GT', '2016-01-06', '3000', 'BON', '14', '1', '22'),
(NULL, 'AZ465GT', '2016-01-06', '3000', 'BON', '14', '1', '23'),
(NULL, 'AZ465GT', '2016-01-06', '3000', 'BON', '14', '1', '24'),
(NULL, 'AZ465GT', '2016-01-06', '3000', 'BON', '14', '1', '25'),
(NULL, 'AZ465GT', '2018-01-06', '3000', 'EXCELLENT', '11', '0', '1'),
(NULL, 'FG560GH', '2018-01-06', '3000', 'EXCELLENT', '11', '0', '2'),
(NULL, 'FG500HJ', '2018-01-06', '3000', 'EXCELLENT', '11', '0', '3'),
(NULL, 'ET400YP', '2018-01-06', '3000', 'EXCELLENT', '11', '0', '4'),
(NULL, 'ML900PJ', '2018-01-06', '3000', 'EXCELLENT', '11', '1', '5'),
(NULL, 'BN790PO', '2018-01-06', '3000', 'EXCELLENT', '11', '1', '6'),
(NULL, 'RT200XC', '2018-01-06', '3000', 'EXCELLENT', '11', '1', '7'),
(NULL, 'QW390BV', '2018-01-06', '3000', 'EXCELLENT', '11', '1', '8'),
(NULL, 'QM200TU', '2018-01-06', '3000', 'EXCELLENT', '11', '1', '9'),
(NULL, 'MP100FK', '2018-01-06', '3000', 'EXCELLENT', '11', '1', '10'),
(NULL, 'TR230MM', '2018-01-06', '3000', 'EXCELLENT', '11', '1', '11'),
(NULL, 'AZ465GT', '2018-01-06', '3000', 'EXCELLENT', '12', '0', '1'),
(NULL, 'FG560GH', '2018-01-06', '3000', 'EXCELLENT', '12', '0', '2'),
(NULL, 'FG500HJ', '2018-01-06', '3000', 'EXCELLENT', '12', '0', '3'),
(NULL, 'ET400YP', '2018-01-06', '3000', 'EXCELLENT', '12', '0', '4'),
(NULL, 'ML900PJ', '2018-01-06', '3000', 'EXCELLENT', '12', '1', '5'),
(NULL, 'BN790PO', '2018-01-06', '3000', 'EXCELLENT', '12', '1', '6'),
(NULL, 'RT200XC', '2018-01-06', '3000', 'EXCELLENT', '12', '1', '7'),
(NULL, 'QW390BV', '2018-01-06', '3000', 'EXCELLENT', '12', '1', '8'),
(NULL, 'QM200TU', '2018-01-06', '3000', 'EXCELLENT', '12', '1', '9'),
(NULL, 'MP100FK', '2018-01-06', '3000', 'EXCELLENT', '12', '1', '10'),
(NULL, 'TR230MM', '2018-01-06', '3000', 'EXCELLENT', '12', '1', '12'),
(NULL, 'FG560GH', '2018-01-06', '3000', 'EXCELLENT', '10', '0', '2'),
(NULL, 'FG500HJ', '2018-01-06', '3000', 'EXCELLENT', '10', '0', '3'),
(NULL, 'ET400YP', '2018-01-06', '3000', 'EXCELLENT', '10', '0', '4'),
(NULL, 'ML900PJ', '2018-01-06', '3000', 'EXCELLENT', '10', '1', '5'),
(NULL, 'BN790PO', '2018-01-06', '3000', 'EXCELLENT', '10', '1', '6'),
(NULL, 'RT200XC', '2018-01-06', '3000', 'EXCELLENT', '10', '1', '7'),
(NULL, 'QW390BV', '2018-01-06', '3000', 'EXCELLENT', '10', '1', '8'),
(NULL, 'QM200TU', '2018-01-06', '3000', 'EXCELLENT', '10', '1', '9'),
(NULL, 'MP100FK', '2018-01-06', '3000', 'EXCELLENT', '10', '1', '10'),
(NULL, 'TR230MM', '2018-01-06', '3000', 'EXCELLENT', '10', '1', '10'),
(NULL, 'AZ465GT', '2016-09-06', '3000', 'EXCELLENT', '13', '0', '1'),
(NULL, 'FG560GH', '2016-09-06', '3000', 'EXCELLENT', '13', '0', '2'),
(NULL, 'FG500HJ', '2016-09-06', '3000', 'EXCELLENT', '13', '0', '3'),
(NULL, 'ET400YP', '2016-09-06', '3000', 'EXCELLENT', '13', '0', '4'),
(NULL, 'ML900PJ', '2016-09-06', '3000', 'EXCELLENT', '13', '1', '5'),
(NULL, 'BN790PO', '2016-09-06', '3000', 'EXCELLENT', '13', '1', '6'),
(NULL, 'RT200XC', '2016-09-06', '3000', 'EXCELLENT', '13', '1', '7'),
(NULL, 'QW390BV', '2016-09-06', '3000', 'EXCELLENT', '13', '1', '8'),
(NULL, 'QM200TU', '2016-09-06', '3000', 'EXCELLENT', '13', '1', '9'),
(NULL, 'MP130FK', '2016-09-06', '3000', 'EXCELLENT', '13', '1', '13'),
(NULL, 'TR230MM', '2016-09-06', '3000', 'EXCELLENT', '13', '1', '13'),
(NULL, 'AZ465GT', '2016-09-06', '3000', 'EXCELLENT', '14', '0', '1'),
(NULL, 'FG560GH', '2016-09-06', '3000', 'EXCELLENT', '14', '0', '2'),
(NULL, 'FG500HJ', '2016-09-06', '3000', 'EXCELLENT', '14', '0', '3'),
(NULL, 'ET400YP', '2016-09-06', '3000', 'EXCELLENT', '14', '0', '4'),
(NULL, 'ML900PJ', '2016-09-06', '3000', 'EXCELLENT', '14', '1', '5'),
(NULL, 'BN790PO', '2016-09-06', '3000', 'EXCELLENT', '14', '1', '6'),
(NULL, 'RT200XC', '2016-09-06', '3000', 'EXCELLENT', '14', '1', '7'),
(NULL, 'QW390BV', '2016-09-06', '3000', 'EXCELLENT', '14', '1', '8'),
(NULL, 'QM200TU', '2016-09-06', '3000', 'EXCELLENT', '14', '1', '9'),
(NULL, 'MP140FK', '2016-09-06', '3000', 'EXCELLENT', '14', '1', '14'),
(NULL, 'TR230MM', '2016-09-06', '3000', 'EXCELLENT', '14', '1', '14'),
(NULL, 'AZ465GT', '2016-09-06', '3000', 'EXCELLENT', '15', '0', '1'),
(NULL, 'FG560GH', '2016-09-06', '3000', 'EXCELLENT', '15', '0', '2'),
(NULL, 'FG500HJ', '2016-09-06', '3000', 'EXCELLENT', '15', '0', '3'),
(NULL, 'ET400YP', '2016-09-06', '3000', 'EXCELLENT', '15', '0', '4'),
(NULL, 'ML900PJ', '2016-09-06', '3000', 'EXCELLENT', '15', '1', '5'),
(NULL, 'BN790PO', '2016-09-06', '3000', 'EXCELLENT', '15', '1', '6'),
(NULL, 'RT200XC', '2016-09-06', '3000', 'EXCELLENT', '15', '1', '7'),
(NULL, 'QW390BV', '2016-09-06', '3000', 'EXCELLENT', '15', '1', '8'),
(NULL, 'QM200TU', '2016-09-06', '3000', 'EXCELLENT', '15', '1', '9'),
(NULL, 'MP150FK', '2016-09-06', '3000', 'EXCELLENT', '15', '1', '15'),
(NULL, 'TR230MM', '2016-09-06', '3000', 'EXCELLENT', '15', '1', '15'),
(NULL, 'AZ465GT', '2016-09-06', '3000', 'EXCELLENT', '16', '0', '1'),
(NULL, 'FG560GH', '2016-09-06', '3000', 'EXCELLENT', '16', '0', '2'),
(NULL, 'FG500HJ', '2016-09-06', '3000', 'EXCELLENT', '16', '0', '3'),
(NULL, 'ET400YP', '2016-09-06', '3000', 'EXCELLENT', '16', '0', '4'),
(NULL, 'ML900PJ', '2016-09-06', '3000', 'EXCELLENT', '16', '1', '5'),
(NULL, 'BN790PO', '2016-09-06', '3000', 'EXCELLENT', '16', '1', '6'),
(NULL, 'RT200XC', '2016-09-06', '3000', 'EXCELLENT', '16', '1', '7'),
(NULL, 'QW390BV', '2016-09-06', '3000', 'EXCELLENT', '16', '1', '8'),
(NULL, 'QM200TU', '2016-09-06', '3000', 'EXCELLENT', '16', '1', '9'),
(NULL, 'MP160FK', '2016-09-06', '3000', 'EXCELLENT', '16', '1', '16'),
(NULL, 'TR230MM', '2016-09-06', '3000', 'EXCELLENT', '16', '1', '16'),
(NULL, 'AZ465GT', '2017-09-06', '3000', 'EXCELLENT', '17', '0', '1'),
(NULL, 'FG560GH', '2017-09-06', '3000', 'EXCELLENT', '17', '0', '2'),
(NULL, 'FG500HJ', '2017-09-06', '3000', 'EXCELLENT', '17', '0', '3'),
(NULL, 'ET400YP', '2017-09-06', '3000', 'EXCELLENT', '17', '0', '4'),
(NULL, 'ML900PJ', '2017-09-06', '3000', 'EXCELLENT', '17', '1', '5'),
(NULL, 'BN790PO', '2017-09-06', '3000', 'EXCELLENT', '17', '1', '6'),
(NULL, 'RT200XC', '2017-09-06', '3000', 'EXCELLENT', '17', '1', '7'),
(NULL, 'QW390BV', '2017-09-06', '3000', 'EXCELLENT', '17', '1', '8'),
(NULL, 'QM200TU', '2017-09-06', '3000', 'EXCELLENT', '17', '1', '9'),
(NULL, 'MP170FK', '2017-09-06', '3000', 'EXCELLENT', '17', '1', '17'),
(NULL, 'TR230MM', '2017-09-06', '3000', 'EXCELLENT', '17', '1', '17'),
(NULL, 'TR230MM', '2016-09-06', '3000', 'EXCELLENT', '14', '1', '14'),
(NULL, 'AZ465GT', '2016-09-06', '3000', 'EXCELLENT', '18', '0', '1'),
(NULL, 'FG560GH', '2016-09-06', '3000', 'EXCELLENT', '18', '0', '2'),
(NULL, 'FG500HJ', '2016-09-06', '3000', 'EXCELLENT', '18', '0', '3'),
(NULL, 'ET400YP', '2016-09-06', '3000', 'EXCELLENT', '18', '0', '4'),
(NULL, 'ML900PJ', '2016-09-06', '3000', 'EXCELLENT', '18', '1', '5'),
(NULL, 'BN790PO', '2016-09-06', '3000', 'EXCELLENT', '18', '1', '6'),
(NULL, 'RT200XC', '2016-09-06', '3000', 'EXCELLENT', '18', '1', '7'),
(NULL, 'QW390BV', '2016-09-06', '3000', 'EXCELLENT', '18', '1', '8'),
(NULL, 'QM200TU', '2016-09-06', '3000', 'EXCELLENT', '18', '1', '9'),
(NULL, 'MP180FK', '2016-09-06', '3000', 'EXCELLENT', '18', '1', '18'),
(NULL, 'TR230MM', '2016-09-06', '3000', 'EXCELLENT', '18', '1', '18'),
(NULL, 'AZ465GT', '2016-09-06', '3000', 'EXCELLENT', '19', '0', '1'),
(NULL, 'FG560GH', '2016-09-06', '3000', 'EXCELLENT', '19', '0', '2'),
(NULL, 'FG500HJ', '2016-09-06', '3000', 'EXCELLENT', '19', '0', '3'),
(NULL, 'ET400YP', '2016-09-06', '3000', 'EXCELLENT', '19', '0', '4'),
(NULL, 'ML900PJ', '2016-09-06', '3000', 'EXCELLENT', '19', '1', '5'),
(NULL, 'BN790PO', '2016-09-06', '3000', 'EXCELLENT', '19', '1', '6'),
(NULL, 'RT200XC', '2016-09-06', '3000', 'EXCELLENT', '19', '1', '7'),
(NULL, 'QW390BV', '2016-09-06', '3000', 'EXCELLENT', '19', '1', '8'),
(NULL, 'QM200TU', '2016-09-06', '3000', 'EXCELLENT', '19', '1', '9'),
(NULL, 'MP190FK', '2016-09-06', '3000', 'EXCELLENT', '19', '1', '19'),
(NULL, 'TR230MM', '2016-09-06', '3000', 'EXCELLENT', '19', '1', '19'),
(NULL, 'AZ465GT', '2016-01-06', '3000', 'MAUVAIS', '20', '1', '9'),
(NULL, 'AZ465GT', '2016-01-06', '3000', 'MAUVAIS', '20', '1', '10'),
(NULL, 'AZ465GT', '2016-01-06', '3000', 'MAUVAIS', '20', '1', '11'),
(NULL, 'AZ465GT', '2016-01-06', '3000', 'BON', '20', '1', '12'),
(NULL, 'AZ465GT', '2016-01-06', '3000', 'BON', '20', '1', '13'),
(NULL, 'AZ465GT', '2016-01-06', '3000', 'BON', '20', '1', '20'),
(NULL, 'AZ465GT', '2016-01-06', '3000', 'MOYEN', '20', '1', '15'),
(NULL, 'AZ465GT', '2016-01-06', '3000', 'MOYEN', '20', '1', '16'),
(NULL, 'AZ465GT', '2016-01-06', '3000', 'MOYEN', '20', '1', '17'),
(NULL, 'AZ465GT', '2016-01-06', '3000', 'MOYEN', '20', '1', '18'),
(NULL, 'AZ465GT', '2016-01-06', '3000', 'MOYEN', '20', '1', '19'),
(NULL, 'AZ465GT', '2016-01-06', '3000', 'MOYEN', '20', '1', '20'),
(NULL, 'AZ465GT', '2016-01-06', '3000', 'BON', '20', '1', '21'),
(NULL, 'AZ465GT', '2016-01-06', '3000', 'BON', '20', '1', '22'),
(NULL, 'AZ465GT', '2016-01-06', '3000', 'BON', '20', '1', '23'),
(NULL, 'AZ465GT', '2016-01-06', '3000', 'BON', '20', '1', '24'),
(NULL, 'AZ465GT', '2016-01-06', '3000', 'BON', '20', '1', '25'),
(NULL, 'AZ465GT', '2016-01-06', '3000', 'MAUVAIS', '1', '1', '9'),
(NULL, 'AZ465GT', '2016-01-06', '3000', 'MAUVAIS', '2', '1', '9'),
(NULL, 'AZ465GT', '2016-01-06', '3000', 'MAUVAIS', '2', '1', '10'),
(NULL, 'AZ465GT', '2016-01-06', '3000', 'MAUVAIS', '2', '1', '11'),
(NULL, 'AZ465GT', '2016-01-06', '3000', 'BON', '2', '1', '12'),
(NULL, 'AZ465GT', '2016-01-06', '3000', 'BON', '2', '1', '13'),
(NULL, 'AZ465GT', '2016-01-06', '3000', 'BON', '2', '1', '2'),
(NULL, 'AZ465GT', '2016-01-06', '3000', 'MOYEN', '2', '1', '15'),
(NULL, 'AZ465GT', '2016-01-06', '3000', 'MOYEN', '2', '1', '16'),
(NULL, 'AZ465GT', '2016-01-06', '3000', 'MOYEN', '2', '1', '17'),
(NULL, 'AZ465GT', '2016-01-06', '3000', 'MOYEN', '2', '1', '18'),
(NULL, 'AZ465GT', '2016-01-06', '3000', 'MOYEN', '2', '1', '2'),
(NULL, 'AZ465GT', '2016-01-06', '3000', 'MOYEN', '2', '1', '20'),
(NULL, 'AZ465GT', '2016-01-06', '3000', 'BON', '2', '1', '21'),
(NULL, 'AZ465GT', '2016-01-06', '3000', 'BON', '2', '1', '22'),
(NULL, 'AZ465GT', '2016-01-06', '3000', 'BON', '2', '1', '23'),
(NULL, 'AZ465GT', '2016-01-06', '3000', 'BON', '2', '1', '24'),
(NULL, 'AZ465GT', '2016-01-06', '3000', 'BON', '2', '1', '25'),
(NULL, 'AZ465GT', '2016-01-06', '3000', 'MAUVAIS', '3', '1', '9'),
(NULL, 'AZ465GT', '2016-01-06', '3000', 'MAUVAIS', '3', '1', '10'),
(NULL, 'AZ465GT', '2016-01-06', '3000', 'MAUVAIS', '3', '1', '11'),
(NULL, 'AZ465GT', '2016-01-06', '3000', 'BON', '3', '1', '12'),
(NULL, 'AZ465GT', '2016-01-06', '3000', 'BON', '3', '1', '13'),
(NULL, 'AZ465GT', '2016-01-06', '3000', 'BON', '3', '1', '3'),
(NULL, 'AZ465GT', '2016-01-06', '3000', 'MOYEN', '3', '1', '15'),
(NULL, 'AZ465GT', '2016-01-06', '3000', 'MOYEN', '3', '1', '16'),
(NULL, 'AZ465GT', '2016-01-06', '3000', 'MOYEN', '3', '1', '17'),
(NULL, 'AZ465GT', '2016-01-06', '3000', 'MOYEN', '3', '1', '18'),
(NULL, 'AZ465GT', '2016-01-06', '3000', 'MOYEN', '3', '1', '3'),
(NULL, 'AZ465GT', '2016-01-06', '3000', 'MOYEN', '3', '1', '20'),
(NULL, 'AZ465GT', '2016-01-06', '3000', 'BON', '3', '1', '21'),
(NULL, 'AZ465GT', '2016-01-06', '3000', 'BON', '3', '1', '22'),
(NULL, 'AZ465GT', '2016-01-06', '3000', 'BON', '3', '1', '23'),
(NULL, 'AZ465GT', '2016-01-06', '3000', 'BON', '3', '1', '24'),
(NULL, 'AZ465GT', '2016-01-06', '3000', 'BON', '3', '1', '25'),
(NULL, 'AZ465GT', '2016-01-06', '4000', 'MAUVAIS', '4', '1', '9'),
(NULL, 'AZ465GT', '2016-01-06', '4000', 'MAUVAIS', '4', '1', '10'),
(NULL, 'AZ465GT', '2016-01-06', '4000', 'MAUVAIS', '4', '1', '11'),
(NULL, 'AZ465GT', '2016-01-06', '4000', 'BON', '4', '1', '12'),
(NULL, 'AZ465GT', '2016-01-06', '4000', 'BON', '4', '1', '14'),
(NULL, 'AZ465GT', '2016-01-06', '4000', 'BON', '4', '1', '4'),
(NULL, 'AZ465GT', '2016-01-06', '4000', 'MOYEN', '4', '1', '15'),
(NULL, 'AZ465GT', '2016-01-06', '4000', 'MOYEN', '4', '1', '16'),
(NULL, 'AZ465GT', '2016-01-06', '4000', 'MOYEN', '4', '1', '17'),
(NULL, 'AZ465GT', '2016-01-06', '4000', 'MOYEN', '4', '1', '18'),
(NULL, 'AZ465GT', '2016-01-06', '4000', 'MOYEN', '4', '1', '4'),
(NULL, 'AZ465GT', '2016-01-06', '4000', 'MOYEN', '4', '1', '20'),
(NULL, 'AZ465GT', '2016-01-06', '4000', 'BON', '4', '1', '21'),
(NULL, 'AZ465GT', '2016-01-06', '4000', 'BON', '4', '1', '22'),
(NULL, 'AZ465GT', '2016-01-06', '4000', 'BON', '4', '1', '24'),
(NULL, 'AZ465GT', '2016-01-06', '4000', 'BON', '4', '1', '24'),
(NULL, 'AZ465GT', '2016-01-06', '4000', 'BON', '4', '1', '25'),
(NULL, 'AZ565GT', '2016-01-06', '5000', 'MAUVAIS', '5', '1', '9'),
(NULL, 'AZ565GT', '2016-01-06', '5000', 'MAUVAIS', '5', '1', '10'),
(NULL, 'AZ565GT', '2016-01-06', '5000', 'MAUVAIS', '5', '1', '11'),
(NULL, 'AZ565GT', '2016-01-06', '5000', 'BON', '5', '1', '12'),
(NULL, 'AZ565GT', '2016-01-06', '5000', 'BON', '5', '1', '15'),
(NULL, 'AZ565GT', '2016-01-06', '5000', 'BON', '5', '1', '5'),
(NULL, 'AZ565GT', '2016-01-06', '5000', 'MOYEN', '5', '1', '15'),
(NULL, 'AZ565GT', '2016-01-06', '5000', 'MOYEN', '5', '1', '16'),
(NULL, 'AZ565GT', '2016-01-06', '5000', 'MOYEN', '5', '1', '17'),
(NULL, 'AZ565GT', '2016-01-06', '5000', 'MOYEN', '5', '1', '18'),
(NULL, 'AZ565GT', '2016-01-06', '5000', 'MOYEN', '5', '1', '5'),
(NULL, 'AZ565GT', '2016-01-06', '5000', 'MOYEN', '5', '1', '20'),
(NULL, 'AZ565GT', '2016-01-06', '5000', 'BON', '5', '1', '21'),
(NULL, 'AZ565GT', '2016-01-06', '5000', 'BON', '5', '1', '22'),
(NULL, 'AZ565GT', '2016-01-06', '5000', 'BON', '5', '1', '25'),
(NULL, 'AZ565GT', '2016-01-06', '5000', 'BON', '5', '1', '25'),
(NULL, 'AZ565GT', '2016-01-06', '5000', 'BON', '5', '1', '25'),
(NULL, 'AZ666GT', '2016-01-06', '6000', 'MAUVAIS', '6', '1', '9'),
(NULL, 'AZ666GT', '2016-01-06', '6000', 'MAUVAIS', '6', '1', '10'),
(NULL, 'AZ666GT', '2016-01-06', '6000', 'MAUVAIS', '6', '1', '11'),
(NULL, 'AZ666GT', '2016-01-06', '6000', 'BON', '6', '1', '12'),
(NULL, 'AZ666GT', '2016-01-06', '6000', 'BON', '6', '1', '16'),
(NULL, 'AZ666GT', '2016-01-06', '6000', 'BON', '6', '1', '6'),
(NULL, 'AZ666GT', '2016-01-06', '6000', 'MOYEN', '6', '1', '16'),
(NULL, 'AZ666GT', '2016-01-06', '6000', 'MOYEN', '6', '1', '16'),
(NULL, 'AZ666GT', '2016-01-06', '6000', 'MOYEN', '6', '1', '17'),
(NULL, 'AZ666GT', '2016-01-06', '6000', 'MOYEN', '6', '1', '18'),
(NULL, 'AZ666GT', '2016-01-06', '6000', 'MOYEN', '6', '1', '6'),
(NULL, 'AZ666GT', '2016-01-06', '6000', 'MOYEN', '6', '1', '20'),
(NULL, 'AZ666GT', '2016-01-06', '6000', 'BON', '6', '1', '21'),
(NULL, 'AZ666GT', '2016-01-06', '6000', 'BON', '6', '1', '22'),
(NULL, 'AZ666GT', '2016-01-06', '6000', 'BON', '6', '1', '2'),
(NULL, 'AZ666GT', '2016-01-06', '6000', 'BON', '6', '1', '2'),
(NULL, 'AZ666GT', '2016-01-06', '6000', 'BON', '6', '1', '2');

#------------------------------------------------------------
# Table: Espace User
#------------------------------------------------------------

